#ID,RA,DEC,
M77,40.6699,-0.0132,
iDR3.STRIPE82-0002.057486,0.05329615441370631,1.1202572109221862,
iDR3.STRIPE82-0005.038845,3.025305291664389,-0.4151865917717107,
iDR3.STRIPE82-0007.025765,3.632581584275741,-0.7375334501888078,
iDR3.STRIPE82-0015.043450,10.15762757372187,-0.3308202123182916,
iDR3.STRIPE82-0170.027067,358.54201220042313,0.3828517710478816,
iDR3.STRIPE82-0168.004182,357.5462040416795,0.096651758673875,
